{
  "non_penetration": {
    "min": -1.4988348484039307,
    "max": -0.0,
    "mean": -0.11588558554649353,
    "median": 0.0,
    "stddev": 0.19836969673633575,
    "percentile_1": -0.8969260215759277,
    "percentile_5": -0.520333206653595,
    "percentile_25": -0.16027197241783142,
    "percentile_75": 0.0,
    "percentile_95": 0.0,
    "percentile_99": 0.0,
    "num_scenes": 1000
  },
  "not_out_of_bound": {
    "min": -1.8456687927246094,
    "max": 0.0,
    "mean": -0.24303920567035675,
    "median": -0.06936653703451157,
    "stddev": 0.3265231251716614,
    "percentile_1": -1.1389666497707367,
    "percentile_5": -0.9180501639842987,
    "percentile_25": -0.44679007679224014,
    "percentile_75": 0.0,
    "percentile_95": 0.0,
    "percentile_99": 0.0,
    "num_scenes": 1000
  },
  "accessibility": {
    "min": -0.10000000149011612,
    "max": 1.2716799974441528,
    "mean": 1.0212830305099487,
    "median": 1.0298435688018799,
    "stddev": 0.14168933033943176,
    "percentile_1": 0.48757293581962585,
    "percentile_5": 0.72831589281559,
    "percentile_25": 0.9993301779031754,
    "percentile_75": 1.0961433947086334,
    "percentile_95": 1.1808031916618347,
    "percentile_99": 1.2115011966228486,
    "num_scenes": 1000
  },
  "gravity_following": {
    "min": -0.06084679812192917,
    "max": -0.0,
    "mean": -0.00018360103422310203,
    "median": 0.0,
    "stddev": 0.002702984493225813,
    "percentile_1": -0.0006194715946912765,
    "percentile_5": -0.0,
    "percentile_25": -0.0,
    "percentile_75": 0.0,
    "percentile_95": 0.0,
    "percentile_99": 0.0,
    "num_scenes": 1000
  },
  "SR3_lamps_near_bed_corners": {
    "min": -1.0,
    "max": -0.35619404911994934,
    "mean": -0.9217376112937927,
    "median": -0.9438412189483643,
    "stddev": 0.08510313928127289,
    "percentile_1": -1.0,
    "percentile_5": -1.0,
    "percentile_25": -1.0,
    "percentile_75": -0.8857604414224625,
    "percentile_95": -0.753233250975609,
    "percentile_99": -0.618151153922081,
    "num_scenes": 1000
  },
  "SR2_ceiling_lamp_count": {
    "min": -0.0,
    "max": -0.0,
    "mean": 0.0,
    "median": 0.0,
    "stddev": 0.0,
    "percentile_1": -0.0,
    "percentile_5": -0.0,
    "percentile_25": -0.0,
    "percentile_75": 0.0,
    "percentile_95": 0.0,
    "percentile_99": 0.0,
    "num_scenes": 1000
  },
  "SR1_bed_presence": {
    "min": -1.0,
    "max": 0.0,
    "mean": -0.6800000071525574,
    "median": -1.0,
    "stddev": 0.4664761424064636,
    "percentile_1": -1.0,
    "percentile_5": -1.0,
    "percentile_25": -1.0,
    "percentile_75": 0.0,
    "percentile_95": 0.0,
    "percentile_99": 0.0,
    "num_scenes": 1000
  }
}