{
  "thresholds": {
    "combined_reward": 10.0
  },
  "results": {
    "reward": {
      "reward_name": "reward",
      "threshold": 0.0,
      "num_scenes": 1000,
      "num_success": 994,
      "success_rate": 0.994,
      "mean": 9.265999794006348,
      "median": 10.0,
      "min": -6.0,
      "max": 10.0,
      "stddev": 2.2854418754577637,
      "percentiles": {
        "p1": 0.0,
        "p5": 4.0,
        "p25": 10.0,
        "p75": 10.0,
        "p95": 10.0,
        "p99": 10.0
      }
    }
  }
}