{
  "non_penetration": {
    "min": -257.5017395019531,
    "max": -2.8157403469085693,
    "mean": -60.92644500732422,
    "median": -8.766999244689941,
    "stddev": 101.69440460205078,
    "percentile_1": -257.5017395019531,
    "percentile_5": -257.5017395019531,
    "percentile_25": -14.304142951965332,
    "percentile_75": -6.710071444511414,
    "percentile_95": -4.6054749488830575,
    "percentile_99": -3.439186494350434,
    "num_scenes": 1000
  },
  "not_out_of_bound": {
    "min": -37.3183708190918,
    "max": 0.0,
    "mean": -3.2624025344848633,
    "median": -2.190890312194824,
    "stddev": 4.226803779602051,
    "percentile_1": -18.770231246948242,
    "percentile_5": -9.59834132194519,
    "percentile_25": -4.317213654518127,
    "percentile_75": -0.47073426842689514,
    "percentile_95": 0.0,
    "percentile_99": 0.0,
    "num_scenes": 1000
  },
  "accessibility": {
    "min": -0.2476261407136917,
    "max": 1.312626838684082,
    "mean": 0.9033092260360718,
    "median": 0.9975150227546692,
    "stddev": 0.2928335666656494,
    "percentile_1": 0.18889756366610527,
    "percentile_5": 0.38637657165527345,
    "percentile_25": 0.6618648022413254,
    "percentile_75": 1.1305038034915924,
    "percentile_95": 1.2494282722473145,
    "percentile_99": 1.302799768447876,
    "num_scenes": 1000
  },
  "gravity_following": {
    "min": -15.851755142211914,
    "max": -0.003274712711572647,
    "mean": -3.723886728286743,
    "median": -0.3930748701095581,
    "stddev": 6.2923054695129395,
    "percentile_1": -15.851755142211914,
    "percentile_5": -15.851755142211914,
    "percentile_25": -1.6653129756450653,
    "percentile_75": -0.24632490426301956,
    "percentile_95": -0.0972463212907315,
    "percentile_99": -0.02613012539222843,
    "num_scenes": 1000
  },
  "SR1_minimum_student_seating": {
    "min": 0.0,
    "max": 0.0,
    "mean": 0.0,
    "median": 0.0,
    "stddev": 0.0,
    "percentile_1": 0.0,
    "percentile_5": 0.0,
    "percentile_25": 0.0,
    "percentile_75": 0.0,
    "percentile_95": 0.0,
    "percentile_99": 0.0,
    "num_scenes": 1000
  },
  "SR3_adequate_lighting": {
    "min": 0.0,
    "max": 0.0,
    "mean": 0.0,
    "median": 0.0,
    "stddev": 0.0,
    "percentile_1": 0.0,
    "percentile_5": 0.0,
    "percentile_25": 0.0,
    "percentile_75": 0.0,
    "percentile_95": 0.0,
    "percentile_99": 0.0,
    "num_scenes": 1000
  },
  "SR5_chairs_near_tables_relaxed": {
    "min": -5.0,
    "max": 0.0,
    "mean": -0.004999999888241291,
    "median": 0.0,
    "stddev": 0.1580348014831543,
    "percentile_1": 0.0,
    "percentile_5": 0.0,
    "percentile_25": 0.0,
    "percentile_75": 0.0,
    "percentile_95": 0.0,
    "percentile_99": 0.0,
    "num_scenes": 1000
  },
  "SR2_desk_or_table_presence": {
    "min": 0.0,
    "max": 0.0,
    "mean": 0.0,
    "median": 0.0,
    "stddev": 0.0,
    "percentile_1": 0.0,
    "percentile_5": 0.0,
    "percentile_25": 0.0,
    "percentile_75": 0.0,
    "percentile_95": 0.0,
    "percentile_99": 0.0,
    "num_scenes": 1000
  },
  "SR4_storage_furniture_present": {
    "min": 0.0,
    "max": 0.0,
    "mean": 0.0,
    "median": 0.0,
    "stddev": 0.0,
    "percentile_1": 0.0,
    "percentile_5": 0.0,
    "percentile_25": 0.0,
    "percentile_75": 0.0,
    "percentile_95": 0.0,
    "percentile_99": 0.0,
    "num_scenes": 1000
  },
  "SR7_spacing_consistency_relaxed": {
    "min": -4.469882965087891,
    "max": 0.0,
    "mean": -0.051280681043863297,
    "median": 0.0,
    "stddev": 0.3654050827026367,
    "percentile_1": -2.152869129180908,
    "percentile_5": 0.0,
    "percentile_25": 0.0,
    "percentile_75": 0.0,
    "percentile_95": 0.0,
    "percentile_99": 0.0,
    "num_scenes": 1000
  },
  "SR6_forward_facing_tendency": {
    "min": -5.0,
    "max": 0.0,
    "mean": -2.0260376930236816,
    "median": -2.2177162170410156,
    "stddev": 1.2910852432250977,
    "percentile_1": -4.512393651008606,
    "percentile_5": -4.083385467529297,
    "percentile_25": -2.859463393688202,
    "percentile_75": -1.309413194656372,
    "percentile_95": 0.0,
    "percentile_99": 0.0,
    "num_scenes": 1000
  }
}