{
  "non_penetration": {
    "min": -2.967644691467285,
    "max": -0.0,
    "mean": -0.3458549678325653,
    "median": -0.2763529419898987,
    "stddev": 0.35881221294403076,
    "percentile_1": -1.8018094646930694,
    "percentile_5": -1.0511849045753479,
    "percentile_25": -0.45298585295677185,
    "percentile_75": -0.10242795944213867,
    "percentile_95": 0.0,
    "percentile_99": 0.0,
    "num_scenes": 1000
  },
  "not_out_of_bound": {
    "min": -2.1374900341033936,
    "max": 0.0,
    "mean": -0.4581626355648041,
    "median": -0.27354294061660767,
    "stddev": 0.4535214602947235,
    "percentile_1": -1.5486624920368195,
    "percentile_5": -1.3218652248382567,
    "percentile_25": -0.8124629408121109,
    "percentile_75": -0.07556352019309998,
    "percentile_95": 0.0,
    "percentile_99": 0.0,
    "num_scenes": 1000
  },
  "accessibility": {
    "min": 0.0478782020509243,
    "max": 1.1148549318313599,
    "mean": 0.9518895149230957,
    "median": 1.0067483186721802,
    "stddev": 0.14745205640792847,
    "percentile_1": 0.4439893990755081,
    "percentile_5": 0.5753762274980545,
    "percentile_25": 0.9384812414646149,
    "percentile_75": 1.0288398563861847,
    "percentile_95": 1.0619603395462036,
    "percentile_99": 1.0937908780574799,
    "num_scenes": 1000
  },
  "R5_chair_desk_facing_reward": {
    "min": 0.0,
    "max": 0.0,
    "mean": 0.0,
    "median": 0.0,
    "stddev": 0.0,
    "percentile_1": 0.0,
    "percentile_5": 0.0,
    "percentile_25": 0.0,
    "percentile_75": 0.0,
    "percentile_95": 0.0,
    "percentile_99": 0.0,
    "num_scenes": 1000
  },
  "R4_chair_desk_proximity_reward": {
    "min": 0.0,
    "max": 0.7031165957450867,
    "mean": 0.003498047823086381,
    "median": 0.0,
    "stddev": 0.03959936276078224,
    "percentile_1": 0.0,
    "percentile_5": 0.0,
    "percentile_25": 0.0,
    "percentile_75": 0.0,
    "percentile_95": 0.0,
    "percentile_99": 0.0011083055287589483,
    "num_scenes": 1000
  },
  "R3_chair_presence_reward": {
    "min": 0.0,
    "max": 1.0,
    "mean": 0.013000000268220901,
    "median": 0.0,
    "stddev": 0.1132739931344986,
    "percentile_1": 0.0,
    "percentile_5": 0.0,
    "percentile_25": 0.0,
    "percentile_75": 0.0,
    "percentile_95": 0.0,
    "percentile_99": 1.0,
    "num_scenes": 1000
  },
  "R7_work_area_coherence_reward": {
    "min": 0.0,
    "max": 0.25065362453460693,
    "mean": 0.0016962310764938593,
    "median": 0.0,
    "stddev": 0.017496826127171516,
    "percentile_1": 0.0,
    "percentile_5": 0.0,
    "percentile_25": 0.0,
    "percentile_75": 0.0,
    "percentile_95": 0.0,
    "percentile_99": 0.0009765683114519774,
    "num_scenes": 1000
  },
  "R1_tv_stand_presence_reward": {
    "min": 0.0,
    "max": 1.0,
    "mean": 0.06199999898672104,
    "median": 0.0,
    "stddev": 0.24115557968616486,
    "percentile_1": 0.0,
    "percentile_5": 0.0,
    "percentile_25": 0.0,
    "percentile_75": 0.0,
    "percentile_95": 1.0,
    "percentile_99": 1.0,
    "num_scenes": 1000
  },
  "R2_desk_presence_reward": {
    "min": 0.0,
    "max": 1.0,
    "mean": 0.03200000151991844,
    "median": 0.0,
    "stddev": 0.17599999904632568,
    "percentile_1": 0.0,
    "percentile_5": 0.0,
    "percentile_25": 0.0,
    "percentile_75": 0.0,
    "percentile_95": 0.0,
    "percentile_99": 1.0,
    "num_scenes": 1000
  },
  "R6_desk_chair_clearance_reward": {
    "min": 0.0,
    "max": 1.8664461094886065e-05,
    "mean": 1.866446126541632e-07,
    "median": 0.0,
    "stddev": 1.8570904103398789e-06,
    "percentile_1": 0.0,
    "percentile_5": 0.0,
    "percentile_25": 0.0,
    "percentile_75": 0.0,
    "percentile_95": 0.0,
    "percentile_99": 1.866446109486909e-07,
    "num_scenes": 1000
  }
}