{
  "non_penetration": {
    "min": -2.8409838676452637,
    "max": -0.0,
    "mean": -0.19117471575737,
    "median": -0.11355394124984741,
    "stddev": 0.2587466537952423,
    "percentile_1": -1.131223176717758,
    "percentile_5": -0.6408065229654312,
    "percentile_25": -0.28662267327308655,
    "percentile_75": 0.0,
    "percentile_95": 0.0,
    "percentile_99": 0.0,
    "num_scenes": 1000
  },
  "not_out_of_bound": {
    "min": -1.9124294519424438,
    "max": 0.0,
    "mean": -0.48112285137176514,
    "median": -0.2968845069408417,
    "stddev": 0.4549713432788849,
    "percentile_1": -1.6430011355876923,
    "percentile_5": -1.317448729276657,
    "percentile_25": -0.8226867467164993,
    "percentile_75": -0.0911401268094778,
    "percentile_95": 0.0,
    "percentile_99": 0.0,
    "num_scenes": 1000
  },
  "accessibility": {
    "min": 0.2070837765932083,
    "max": 1.176243782043457,
    "mean": 0.9527432918548584,
    "median": 1.009850263595581,
    "stddev": 0.1499405801296234,
    "percentile_1": 0.42253548562526705,
    "percentile_5": 0.5670608222484589,
    "percentile_25": 0.951407328248024,
    "percentile_75": 1.0313256978988647,
    "percentile_95": 1.0624598622322083,
    "percentile_99": 1.091418446302414,
    "num_scenes": 1000
  },
  "SR1_tv_stand_presence_reward": {
    "min": 0.0,
    "max": 1.0,
    "mean": 0.10100000351667404,
    "median": 0.0,
    "stddev": 0.3013286888599396,
    "percentile_1": 0.0,
    "percentile_5": 0.0,
    "percentile_25": 0.0,
    "percentile_75": 0.0,
    "percentile_95": 1.0,
    "percentile_99": 1.0,
    "num_scenes": 1000
  }
}