{
  "non_penetration": {
    "min": -2.8107566833496094,
    "max": -0.0,
    "mean": -0.17903059720993042,
    "median": -0.09415626525878906,
    "stddev": 0.2644326984882355,
    "percentile_1": -1.1998985385894776,
    "percentile_5": -0.6287307500839233,
    "percentile_25": -0.25754714012145996,
    "percentile_75": 0.0,
    "percentile_95": 0.0,
    "percentile_99": 0.0,
    "num_scenes": 1000
  },
  "not_out_of_bound": {
    "min": -1.93519926071167,
    "max": 0.0,
    "mean": -0.5080458521842957,
    "median": -0.33109530806541443,
    "stddev": 0.45862075686454773,
    "percentile_1": -1.6609764039516448,
    "percentile_5": -1.3388846457004546,
    "percentile_25": -0.8520268052816391,
    "percentile_75": -0.11134671978652477,
    "percentile_95": 0.0,
    "percentile_99": 0.0,
    "num_scenes": 1000
  },
  "accessibility": {
    "min": 0.26508432626724243,
    "max": 1.1464040279388428,
    "mean": 0.9600515961647034,
    "median": 1.012312412261963,
    "stddev": 0.14286671578884125,
    "percentile_1": 0.4593695858120918,
    "percentile_5": 0.5816437155008316,
    "percentile_25": 0.9789294749498367,
    "percentile_75": 1.0326406061649323,
    "percentile_95": 1.0650500535964966,
    "percentile_99": 1.0951110851764678,
    "num_scenes": 1000
  },
  "SR1_bed_headboard_faces_east_soft": {
    "min": -0.5,
    "max": 1.0,
    "mean": 0.6145101189613342,
    "median": 0.5004568099975586,
    "stddev": 0.3203422427177429,
    "percentile_1": 0.0,
    "percentile_5": 0.0,
    "percentile_25": 0.4991617873311043,
    "percentile_75": 1.0,
    "percentile_95": 1.0,
    "percentile_99": 1.0,
    "num_scenes": 1000
  },
  "SR2_bed_exists_in_scene": {
    "min": -1.0,
    "max": 1.0,
    "mean": 0.9940000176429749,
    "median": 1.0,
    "stddev": 0.1093800738453865,
    "percentile_1": 1.0,
    "percentile_5": 1.0,
    "percentile_25": 1.0,
    "percentile_75": 1.0,
    "percentile_95": 1.0,
    "percentile_99": 1.0,
    "num_scenes": 1000
  },
  "SR3_bed_placement_stability": {
    "min": -1.0,
    "max": 1.0,
    "mean": 0.9917701482772827,
    "median": 1.0,
    "stddev": 0.1111360564827919,
    "percentile_1": 0.9304363012313843,
    "percentile_5": 0.9976940393447876,
    "percentile_25": 1.0,
    "percentile_75": 1.0,
    "percentile_95": 1.0,
    "percentile_99": 1.0,
    "num_scenes": 1000
  }
}