{
  "non_penetration": {
    "min": -2.87612247467041,
    "max": -0.0,
    "mean": -0.2741217613220215,
    "median": -0.21360796689987183,
    "stddev": 0.3056284487247467,
    "percentile_1": -1.3732200789451598,
    "percentile_5": -0.8314220607280731,
    "percentile_25": -0.3662445843219757,
    "percentile_75": -0.05736881494522095,
    "percentile_95": 0.0,
    "percentile_99": 0.0,
    "num_scenes": 1000
  },
  "not_out_of_bound": {
    "min": -2.923893451690674,
    "max": 0.0,
    "mean": -0.4821578562259674,
    "median": -0.28963106870651245,
    "stddev": 0.4631827175617218,
    "percentile_1": -1.6011131584644318,
    "percentile_5": -1.3238012790679932,
    "percentile_25": -0.8334042429924011,
    "percentile_75": -0.0887433122843504,
    "percentile_95": 0.0,
    "percentile_99": 0.0,
    "num_scenes": 1000
  },
  "accessibility": {
    "min": 0.18341076374053955,
    "max": 1.1179111003875732,
    "mean": 0.958992063999176,
    "median": 1.0110067129135132,
    "stddev": 0.1419125646352768,
    "percentile_1": 0.4594727939367294,
    "percentile_5": 0.5821795105934143,
    "percentile_25": 0.9716001152992249,
    "percentile_75": 1.0316731333732605,
    "percentile_95": 1.062459647655487,
    "percentile_99": 1.096855309009552,
    "num_scenes": 1000
  },
  "R2_bed_exists_in_scene": {
    "min": -1.0,
    "max": 1.0,
    "mean": 0.9940000176429749,
    "median": 1.0,
    "stddev": 0.1093800738453865,
    "percentile_1": 1.0,
    "percentile_5": 1.0,
    "percentile_25": 1.0,
    "percentile_75": 1.0,
    "percentile_95": 1.0,
    "percentile_99": 1.0,
    "num_scenes": 1000
  },
  "R3_bed_placement_stability": {
    "min": -1.0,
    "max": 1.0,
    "mean": 0.992868185043335,
    "median": 1.0,
    "stddev": 0.10964256525039673,
    "percentile_1": 0.9442156398296356,
    "percentile_5": 1.0,
    "percentile_25": 1.0,
    "percentile_75": 1.0,
    "percentile_95": 1.0,
    "percentile_99": 1.0,
    "num_scenes": 1000
  },
  "R1_bed_headboard_faces_east": {
    "min": -1.0,
    "max": 1.0,
    "mean": 0.21342451870441437,
    "median": 0.0005906873848289251,
    "stddev": 0.6330496072769165,
    "percentile_1": -1.0,
    "percentile_5": -1.0,
    "percentile_25": -0.0020346426754258573,
    "percentile_75": 0.9989559054374695,
    "percentile_95": 1.0,
    "percentile_99": 1.0,
    "num_scenes": 1000
  }
}