{
  "reward_tv_present": {
    "min": 0.0,
    "max": 1.0,
    "mean": 0.15000000596046448,
    "median": 0.0,
    "stddev": 0.3570714294910431,
    "percentile_1": 0.0,
    "percentile_5": 0.0,
    "percentile_25": 0.0,
    "percentile_75": 0.0,
    "percentile_95": 1.0,
    "percentile_99": 1.0,
    "num_scenes": 1000
  },
  "reward_tv_viewing_angle": {
    "min": 0.0,
    "max": 0.8257121443748474,
    "mean": 0.004710090812295675,
    "median": 0.0,
    "stddev": 0.03164782375097275,
    "percentile_1": 0.0,
    "percentile_5": 0.0,
    "percentile_25": 0.0,
    "percentile_75": 0.0,
    "percentile_95": 0.03449738565832369,
    "percentile_99": 0.10342075645923612,
    "num_scenes": 1000
  },
  "reward_tv_distance": {
    "min": 0.0,
    "max": 0.9994009137153625,
    "mean": 0.07184727489948273,
    "median": 0.0,
    "stddev": 0.20885805785655975,
    "percentile_1": 0.0,
    "percentile_5": 0.0,
    "percentile_25": 0.0,
    "percentile_75": 0.0,
    "percentile_95": 0.6456517100334165,
    "percentile_99": 0.9289432877302167,
    "num_scenes": 1000
  },
  "must_have_furniture": {
    "min": -10.0,
    "max": 0.0,
    "mean": -0.05999999865889549,
    "median": 0.0,
    "stddev": 0.7722693681716919,
    "percentile_1": 0.0,
    "percentile_5": 0.0,
    "percentile_25": 0.0,
    "percentile_75": 0.0,
    "percentile_95": 0.0,
    "percentile_99": 0.0,
    "num_scenes": 1000
  },
  "non_penetration": {
    "min": -3.068870782852173,
    "max": -0.0,
    "mean": -0.28865692019462585,
    "median": -0.15262877941131592,
    "stddev": 0.39114513993263245,
    "percentile_1": -1.728674018383026,
    "percentile_5": -1.0646019041538237,
    "percentile_25": -0.4082917273044586,
    "percentile_75": -0.005661308765411377,
    "percentile_95": 0.0,
    "percentile_99": 0.0,
    "num_scenes": 1000
  },
  "object_count": {
    "min": -9.210439682006836,
    "max": -1.1868879795074463,
    "mean": -1.6391022205352783,
    "median": -1.3720970153808594,
    "stddev": 0.8669019937515259,
    "percentile_1": -4.390158653259277,
    "percentile_5": -2.375255823135376,
    "percentile_25": -1.8452601432800293,
    "percentile_75": -1.1868879795074463,
    "percentile_95": -1.1868879795074463,
    "percentile_99": -1.1868879795074463,
    "num_scenes": 1000
  },
  "not_out_of_bound": {
    "min": -999.0074462890625,
    "max": 0.0,
    "mean": -3.4240503311157227,
    "median": -0.22542361915111542,
    "stddev": 54.6142578125,
    "percentile_1": -2.1643217277526854,
    "percentile_5": -1.3593417048454284,
    "percentile_25": -0.6957441866397858,
    "percentile_75": -0.047903697937726974,
    "percentile_95": 0.0,
    "percentile_99": 0.0,
    "num_scenes": 1000
  },
  "gravity_following": {
    "min": -0.11497925966978073,
    "max": -0.0,
    "mean": -0.0008067908347584307,
    "median": 0.0,
    "stddev": 0.007179175037890673,
    "percentile_1": -0.03248040288686752,
    "percentile_5": -0.0,
    "percentile_25": -0.0,
    "percentile_75": 0.0,
    "percentile_95": 0.0,
    "percentile_99": 0.0,
    "num_scenes": 1000
  }
}