{
  "non_penetration": {
    "min": -5.360631465911865,
    "max": -0.0,
    "mean": -1.6293507814407349,
    "median": -1.5673329830169678,
    "stddev": 0.98298579454422,
    "percentile_1": -4.272218685150147,
    "percentile_5": -3.5333711385726927,
    "percentile_25": -2.1591846346855164,
    "percentile_75": -0.9375072121620178,
    "percentile_95": -0.056321993470192115,
    "percentile_99": 0.0,
    "num_scenes": 1000
  },
  "not_out_of_bound": {
    "min": -105.0,
    "max": 0.0,
    "mean": -1.4356200695037842,
    "median": -1.0904302597045898,
    "stddev": 4.797304153442383,
    "percentile_1": -6.258665251731872,
    "percentile_5": -3.1357647895812986,
    "percentile_25": -1.7830346524715424,
    "percentile_75": -0.19866228476166725,
    "percentile_95": 0.0,
    "percentile_99": 0.0,
    "num_scenes": 1000
  },
  "accessibility": {
    "min": -0.1991099715232849,
    "max": 1.274999976158142,
    "mean": 0.9071200489997864,
    "median": 1.0165936946868896,
    "stddev": 0.23492997884750366,
    "percentile_1": 0.11729040540754795,
    "percentile_5": 0.3789318442344666,
    "percentile_25": 0.8437392264604568,
    "percentile_75": 1.0552888810634613,
    "percentile_95": 1.110691249370575,
    "percentile_99": 1.1650478553771972,
    "num_scenes": 1000
  },
  "gravity_following": {
    "min": -1,
    "max": 0,
    "mean": -0.5,
    "median": -0.5,
    "stddev": 0.0,
    "percentile_1": -1.0,
    "percentile_5": -1.0,
    "percentile_25": -1.0,
    "percentile_75": 0.0,
    "percentile_95": 0.0,
    "percentile_99": 0.0,
    "num_scenes": 1000
  }
}