{"reward_tv_present": {"min": 0.0, "max": 1.0, "mean": 0.1666666716337204, "stddev": 0.3726780116558075, "num_scenes": 162}, "reward_tv_viewing_angle": {"min": 0.0, "max": 0.1289445012807846, "mean": 0.0031285989098250866, "stddev": 0.013798332773149014, "num_scenes": 162}, "reward_tv_distance": {"min": 0.0, "max": 0.9876713752746582, "mean": 0.08792566508054733, "stddev": 0.21775804460048676, "num_scenes": 162}}