{
  "reward_tv_present": {
    "min": 0.0,
    "max": 1.0,
    "mean": 0.9300000071525574,
    "median": 1.0,
    "stddev": 0.2551470100879669,
    "percentile_1": 0.0,
    "percentile_5": 0.0,
    "percentile_25": 1.0,
    "percentile_75": 1.0,
    "percentile_95": 1.0,
    "percentile_99": 1.0,
    "num_scenes": 1000
  },
  "reward_tv_viewing_angle": {
    "min": 0.0,
    "max": 0.9999627470970154,
    "mean": 0.2732846438884735,
    "median": 0.06419815123081207,
    "stddev": 0.3521815538406372,
    "percentile_1": 0.0,
    "percentile_5": 0.0,
    "percentile_25": 0.0,
    "percentile_75": 0.5110034197568893,
    "percentile_95": 0.9946385532617569,
    "percentile_99": 0.9986918479204178,
    "num_scenes": 1000
  },
  "reward_tv_distance": {
    "min": 0.0,
    "max": 0.9994385242462158,
    "mean": 0.7385598421096802,
    "median": 0.8121157884597778,
    "stddev": 0.2641696631908417,
    "percentile_1": 0.0,
    "percentile_5": 0.0,
    "percentile_25": 0.6578898131847382,
    "percentile_75": 0.9443967044353485,
    "percentile_95": 0.9915770709514617,
    "percentile_99": 0.9974425137042999,
    "num_scenes": 1000
  },
  "must_have_furniture": {
    "min": -10.0,
    "max": 0.0,
    "mean": -0.019999999552965164,
    "median": 0.0,
    "stddev": 0.4467661380767822,
    "percentile_1": 0.0,
    "percentile_5": 0.0,
    "percentile_25": 0.0,
    "percentile_75": 0.0,
    "percentile_95": 0.0,
    "percentile_99": 0.0,
    "num_scenes": 1000
  },
  "non_penetration": {
    "min": -1.4951097965240479,
    "max": -0.0,
    "mean": -0.07549895346164703,
    "median": 0.0,
    "stddev": 0.20283304154872894,
    "percentile_1": -0.9672562658786774,
    "percentile_5": -0.4878204643726349,
    "percentile_25": -0.0,
    "percentile_75": 0.0,
    "percentile_95": 0.0,
    "percentile_99": 0.0,
    "num_scenes": 1000
  },
  "object_count": {
    "min": -4.390158653259277,
    "max": -1.1868879795074463,
    "mean": -1.3380844593048096,
    "median": -1.1868879795074463,
    "stddev": 0.29024651646614075,
    "percentile_1": -1.9667738759517668,
    "percentile_5": -1.8452601432800293,
    "percentile_25": -1.3720970153808594,
    "percentile_75": -1.1868879795074463,
    "percentile_95": -1.1868879795074463,
    "percentile_99": -1.1868879795074463,
    "num_scenes": 1000
  }
}