{"reward_tv_present": {"min": 0.0, "max": 1.0, "mean": 0.3370000123977661, "median": 0.0, "stddev": 0.4726848900318146, "percentile_1": 0.0, "percentile_5": 0.0, "percentile_25": 0.0, "percentile_75": 1.0, "percentile_95": 1.0, "percentile_99": 1.0, "num_scenes": 1000}, "reward_tv_viewing_angle": {"min": 0.0, "max": 0.9995077848434448, "mean": 0.013524327427148819, "median": 0.0, "stddev": 0.07704406976699829, "percentile_1": 0.0, "percentile_5": 0.0, "percentile_25": 0.0, "percentile_75": 0.0, "percentile_95": 0.05660787168890233, "percentile_99": 0.21564074829220736, "num_scenes": 1000}, "reward_tv_distance": {"min": 0.0, "max": 0.9999732375144958, "mean": 0.1911938488483429, "median": 0.0, "stddev": 0.302504301071167, "percentile_1": 0.0, "percentile_5": 0.0, "percentile_25": 0.0, "percentile_75": 0.4641733840107918, "percentile_95": 0.7773253560066222, "percentile_99": 0.9472560507059096, "num_scenes": 1000}, "must_have_furniture": {"min": 0.0, "max": 0.0, "mean": 0.0, "median": 0.0, "stddev": 0.0, "percentile_1": 0.0, "percentile_5": 0.0, "percentile_25": 0.0, "percentile_75": 0.0, "percentile_95": 0.0, "percentile_99": 0.0, "num_scenes": 1000}, "non_penetration": {"min": -3.855480194091797, "max": -0.0, "mean": -0.3214978575706482, "median": -0.22011172771453857, "stddev": 0.38670802116394043, "percentile_1": -1.6425895750522614, "percentile_5": -1.053968745470047, "percentile_25": -0.463386133313179, "percentile_75": -0.025528162717819214, "percentile_95": 0.0, "percentile_99": 0.0, "num_scenes": 1000}, "object_count": {"min": -7.418680667877197, "max": -1.1868879795074463, "mean": -1.7313956022262573, "median": -1.3720970153808594, "stddev": 0.7640523314476013, "percentile_1": -4.390158653259277, "percentile_5": -3.6046383380889893, "percentile_25": -1.8452601432800293, "percentile_75": -1.1868879795074463, "percentile_95": -1.1868879795074463, "percentile_99": -1.1868879795074463, "num_scenes": 1000}}