{
  "reward_tv_present": {
    "min": 0.0,
    "max": 1.0,
    "mean": 0.6930000185966492,
    "median": 1.0,
    "stddev": 0.46124938130378723,
    "percentile_1": 0.0,
    "percentile_5": 0.0,
    "percentile_25": 0.0,
    "percentile_75": 1.0,
    "percentile_95": 1.0,
    "percentile_99": 1.0,
    "num_scenes": 1000
  },
  "reward_tv_viewing_angle": {
    "min": 0.0,
    "max": 0.9999985098838806,
    "mean": 0.06622803211212158,
    "median": 0.0,
    "stddev": 0.21699188649654388,
    "percentile_1": 0.0,
    "percentile_5": 0.0,
    "percentile_25": 0.0,
    "percentile_75": 0.01499272114597261,
    "percentile_95": 0.48191079050302504,
    "percentile_99": 0.9993733990192414,
    "num_scenes": 1000
  },
  "reward_tv_distance": {
    "min": 0.0,
    "max": 0.9999992847442627,
    "mean": 0.4284881055355072,
    "median": 0.5165999531745911,
    "stddev": 0.34361568093299866,
    "percentile_1": 0.0,
    "percentile_5": 0.0,
    "percentile_25": 0.0,
    "percentile_75": 0.6959206461906433,
    "percentile_95": 0.981801214814186,
    "percentile_99": 0.9999465191364288,
    "num_scenes": 1000
  },
  "must_have_furniture": {
    "min": 0.0,
    "max": 0.0,
    "mean": 0.0,
    "median": 0.0,
    "stddev": 0.0,
    "percentile_1": 0.0,
    "percentile_5": 0.0,
    "percentile_25": 0.0,
    "percentile_75": 0.0,
    "percentile_95": 0.0,
    "percentile_99": 0.0,
    "num_scenes": 1000
  },
  "non_penetration": {
    "min": -1.7865678071975708,
    "max": -0.0,
    "mean": -0.29422906041145325,
    "median": -0.20771563053131104,
    "stddev": 0.3258466422557831,
    "percentile_1": -1.4375254535675048,
    "percentile_5": -0.9271704077720642,
    "percentile_25": -0.44394273310899734,
    "percentile_75": -0.021972551941871643,
    "percentile_95": 0.0,
    "percentile_99": 0.0,
    "num_scenes": 1000
  },
  "object_count": {
    "min": -4.390158653259277,
    "max": -1.1868879795074463,
    "mean": -1.581430196762085,
    "median": -1.3720970153808594,
    "stddev": 0.49554088711738586,
    "percentile_1": -3.6046383380889893,
    "percentile_5": -2.375255823135376,
    "percentile_25": -1.8452601432800293,
    "percentile_75": -1.1868879795074463,
    "percentile_95": -1.1868879795074463,
    "percentile_99": -1.1868879795074463,
    "num_scenes": 1000
  }
}