{
  "non_penetration": {
    "min": -2.431288957595825,
    "max": -0.0,
    "mean": -0.11589842289686203,
    "median": -0.024538159370422363,
    "stddev": 0.20201443135738373,
    "percentile_1": -0.8567145490646362,
    "percentile_5": -0.48046687841415403,
    "percentile_25": -0.16154691576957703,
    "percentile_75": 0.0,
    "percentile_95": 0.0,
    "percentile_99": 0.0,
    "num_scenes": 1000
  },
  "not_out_of_bound": {
    "min": -1.3189657926559448,
    "max": 0.0,
    "mean": -0.20423129200935364,
    "median": -0.0464036725461483,
    "stddev": 0.3021117150783539,
    "percentile_1": -1.1319526493549348,
    "percentile_5": -0.8357675850391388,
    "percentile_25": -0.2899574637413025,
    "percentile_75": 0.0,
    "percentile_95": 0.0,
    "percentile_99": 0.0,
    "num_scenes": 1000
  },
  "accessibility": {
    "min": -0.10000000149011612,
    "max": 1.271669864654541,
    "mean": 1.0049378871917725,
    "median": 1.0229978561401367,
    "stddev": 0.13086700439453125,
    "percentile_1": 0.49773879170417784,
    "percentile_5": 0.680332499742508,
    "percentile_25": 0.9958363473415375,
    "percentile_75": 1.0464727580547333,
    "percentile_95": 1.1668497502803803,
    "percentile_99": 1.2041782581806182,
    "num_scenes": 1000
  },
  "gravity_following": {
    "min": -0.41155433654785156,
    "max": -0.0,
    "mean": -0.0007777157588861883,
    "median": 0.0,
    "stddev": 0.013793445192277431,
    "percentile_1": -0.008235861286520959,
    "percentile_5": -0.0,
    "percentile_25": -0.0,
    "percentile_75": 0.0,
    "percentile_95": 0.0,
    "percentile_99": 0.0,
    "num_scenes": 1000
  },
  "SR3_lamps_near_bed_corners": {
    "min": -1.0,
    "max": -0.2575477361679077,
    "mean": -0.9029297828674316,
    "median": -0.9224439859390259,
    "stddev": 0.08680951595306396,
    "percentile_1": -1.0,
    "percentile_5": -1.0,
    "percentile_25": -0.9582020938396454,
    "percentile_75": -0.8692455589771271,
    "percentile_95": -0.7381752580404283,
    "percentile_99": -0.6120479130744934,
    "num_scenes": 1000
  },
  "SR2_ceiling_lamp_count": {
    "min": -0.0,
    "max": -0.0,
    "mean": 0.0,
    "median": 0.0,
    "stddev": 0.0,
    "percentile_1": -0.0,
    "percentile_5": -0.0,
    "percentile_25": -0.0,
    "percentile_75": 0.0,
    "percentile_95": 0.0,
    "percentile_99": 0.0,
    "num_scenes": 1000
  },
  "SR1_bed_presence": {
    "min": -1.0,
    "max": 0.0,
    "mean": -0.49799999594688416,
    "median": 0.0,
    "stddev": 0.4999959468841553,
    "percentile_1": -1.0,
    "percentile_5": -1.0,
    "percentile_25": -1.0,
    "percentile_75": 0.0,
    "percentile_95": 0.0,
    "percentile_99": 0.0,
    "num_scenes": 1000
  }
}