{
  "reward_tv_present": {
    "min": 0.0,
    "max": 1.0,
    "mean": 0.8600000143051147,
    "median": 1.0,
    "stddev": 0.3469870388507843,
    "percentile_1": 0.0,
    "percentile_5": 0.0,
    "percentile_25": 1.0,
    "percentile_75": 1.0,
    "percentile_95": 1.0,
    "percentile_99": 1.0,
    "num_scenes": 1000
  },
  "reward_tv_viewing_angle": {
    "min": 0.0,
    "max": 0.9999983310699463,
    "mean": 0.20965591073036194,
    "median": 0.0006073482800275087,
    "stddev": 0.38395848870277405,
    "percentile_1": 0.0,
    "percentile_5": 0.0,
    "percentile_25": 0.0,
    "percentile_75": 0.08612587489187717,
    "percentile_95": 0.9976299047470093,
    "percentile_99": 0.9996815937757492,
    "num_scenes": 1000
  },
  "reward_tv_distance": {
    "min": 0.0,
    "max": 0.9999987483024597,
    "mean": 0.5880216956138611,
    "median": 0.6406033039093018,
    "stddev": 0.3190678656101227,
    "percentile_1": 0.0,
    "percentile_5": 0.0,
    "percentile_25": 0.4551922157406807,
    "percentile_75": 0.8357758671045303,
    "percentile_95": 0.9997529625892639,
    "percentile_99": 0.9999543070793152,
    "num_scenes": 1000
  },
  "must_have_furniture": {
    "min": 0.0,
    "max": 0.0,
    "mean": 0.0,
    "median": 0.0,
    "stddev": 0.0,
    "percentile_1": 0.0,
    "percentile_5": 0.0,
    "percentile_25": 0.0,
    "percentile_75": 0.0,
    "percentile_95": 0.0,
    "percentile_99": 0.0,
    "num_scenes": 1000
  },
  "non_penetration": {
    "min": -1.869895577430725,
    "max": -0.0,
    "mean": -0.2665939927101135,
    "median": -0.17238950729370117,
    "stddev": 0.3058396279811859,
    "percentile_1": -1.3100603103637696,
    "percentile_5": -0.8366816103458404,
    "percentile_25": -0.4137814864516258,
    "percentile_75": -0.031792640686035156,
    "percentile_95": 0.0,
    "percentile_99": 0.0,
    "num_scenes": 1000
  },
  "object_count": {
    "min": -3.6046383380889893,
    "max": -1.1868879795074463,
    "mean": -1.5375069379806519,
    "median": -1.3720970153808594,
    "stddev": 0.4255795478820801,
    "percentile_1": -3.6046383380889893,
    "percentile_5": -2.375255823135376,
    "percentile_25": -1.8452601432800293,
    "percentile_75": -1.1868879795074463,
    "percentile_95": -1.1868879795074463,
    "percentile_99": -1.1868879795074463,
    "num_scenes": 1000
  }
}