{
  "non_penetration": {
    "min": -3.107208013534546,
    "max": -0.0,
    "mean": -0.26453545689582825,
    "median": -0.1591206192970276,
    "stddev": 0.35415026545524597,
    "percentile_1": -1.7676925146579743,
    "percentile_5": -0.9141434520483017,
    "percentile_25": -0.3662872016429901,
    "percentile_75": -0.012877017259597778,
    "percentile_95": 0.0,
    "percentile_99": 0.0,
    "num_scenes": 1000
  },
  "not_out_of_bound": {
    "min": -5.1097307205200195,
    "max": 0.0,
    "mean": -0.3903312385082245,
    "median": -0.1900331974029541,
    "stddev": 0.428533136844635,
    "percentile_1": -1.4950697016716004,
    "percentile_5": -1.1581385731697083,
    "percentile_25": -0.6716597378253937,
    "percentile_75": -0.058931607753038406,
    "percentile_95": 0.0,
    "percentile_99": 0.0,
    "num_scenes": 1000
  },
  "accessibility": {
    "min": 0.18279188871383667,
    "max": 1.1655864715576172,
    "mean": 0.9178683757781982,
    "median": 0.9970543384552002,
    "stddev": 0.188515767455101,
    "percentile_1": 0.24725226670503617,
    "percentile_5": 0.49375507682561875,
    "percentile_25": 0.8924461007118225,
    "percentile_75": 1.0250860154628754,
    "percentile_95": 1.0604512751102448,
    "percentile_99": 1.0896376693248748,
    "num_scenes": 1000
  },
  "gravity_following": {
    "min": -0.13729047775268555,
    "max": -0.0,
    "mean": -0.0009064506157301366,
    "median": 0.0,
    "stddev": 0.007233654148876667,
    "percentile_1": -0.037304423451423645,
    "percentile_5": -0.0,
    "percentile_25": -0.0,
    "percentile_75": 0.0,
    "percentile_95": 0.0,
    "percentile_99": 0.0,
    "num_scenes": 1000
  },
  "SR4_lamps_near_bed_corners": {
    "min": -1.0,
    "max": -0.07728040218353271,
    "mean": -0.9588759541511536,
    "median": -1.0,
    "stddev": 0.09258957952260971,
    "percentile_1": -1.0,
    "percentile_5": -1.0,
    "percentile_25": -1.0,
    "percentile_75": -0.9546504467725754,
    "percentile_95": -0.760580524802208,
    "percentile_99": -0.543891599774361,
    "num_scenes": 1000
  },
  "SR2_ceiling_lamp_count": {
    "min": -4.0,
    "max": -3.0,
    "mean": -3.818000078201294,
    "median": -4.0,
    "stddev": 0.38584452867507935,
    "percentile_1": -4.0,
    "percentile_5": -4.0,
    "percentile_25": -4.0,
    "percentile_75": -4.0,
    "percentile_95": -3.0,
    "percentile_99": -3.0,
    "num_scenes": 1000
  },
  "SR3_ceiling_lamp_height": {
    "min": -0.9725176692008972,
    "max": 0.0,
    "mean": -0.12270112335681915,
    "median": 0.0,
    "stddev": 0.21484409272670746,
    "percentile_1": -0.8893684130907059,
    "percentile_5": -0.5966907262802124,
    "percentile_25": -0.2534715086221695,
    "percentile_75": 0.0,
    "percentile_95": 0.0,
    "percentile_99": 0.0,
    "num_scenes": 1000
  },
  "SR1_bed_presence": {
    "min": -1.0,
    "max": 0.0,
    "mean": -0.47600001096725464,
    "median": 0.0,
    "stddev": 0.49942365288734436,
    "percentile_1": -1.0,
    "percentile_5": -1.0,
    "percentile_25": -1.0,
    "percentile_75": 0.0,
    "percentile_95": 0.0,
    "percentile_99": 0.0,
    "num_scenes": 1000
  }
}